"PCR_Bacteroides","PCR_Enterobacteriaceae","PCR_Lactobacillaceae","PCR_Christensenellaceae","PCR_Bifidobacterium.sp.","PCR_Odoribacter.sp.","PCR_Oscillibacter.sp.","PCR_Ruminococcus.sp.","PCR_Subdoligranulum.sp.","PCR_Enterococcus.faecalis","PCR_Faecalibacterium_prausnitzii","Sample","Age","BMI","Method","Sex","Disease"
0.003779662519578,0.0113448978988741,0.00627087088861964,0,0.0229498507639115,2.95517007003753e-05,0.00320931469606076,0.0200449185850646,0.157670143916782,9.75206123112385e-05,0.177836224474719,"MHF-245-PF",72,30.08,"PF","муж","(HFrEF)"
0.0478843670991118,0.0074048768081112,0.00987496524417449,0,0.0027114932395878,0.00236770693456852,0.0506928533401157,0.00701906020247828,0.0174943043554168,1.07770001573442e-06,0.0368454858379441,"MHF-245-FS",72,30.08,"FS","муж","(HFrEF)"
0.0163254012174875,0.015218594355285,0.00885445489762036,0,0.580796900940786,0.000553403431101273,0.431931377974543,0.0390149418926397,0.246264526840066,0,0.258439402324294,"MHF-295-PF",69,28.73,"PF","муж","(HFrEF)"
0.0617856039542787,0.0606116774791474,0.00271856657398826,0,0.368582020389249,0.000401606425702811,0.0858510966944702,0.00914426938523324,0.0444238492431264,3.08928019771393e-05,0.0684584491813408,"MHF-161-PF",80,29.07,"PF","муж","(HFrEF)"
0.0293841834092086,9.54120437259766e-05,1.90824087451953e-05,5.45211678434152e-05,0.00114221846631955,0.00057247226235586,0.156265845214404,0.00118038328380994,0.0369380912139138,0,0.151740588283401,"MHF-207-FS",74,24.22,"FS","муж","(HFrEF)"
0,0.14139832861885,0.000136913757249325,1.0333113754666e-05,0.011115847121582,4.39157334573307e-05,0.180460081889927,0.00614303612714897,0.0197336639929735,0.000237661616357319,0.078058924581186,"MHF-151-PF",80,34.28,"PF","муж","(HFrEF)"
0.011244173713747,8.12733914979905e-06,1.35455652496651e-06,0,1.62546782995981e-05,0.00501185914237608,0.152596210763577,0.000105655408947388,0.00541280787376617,0,0.0559160933506175,"MHF-398-FS",62,26.9,"FS","муж","(HFrEF)"
0.0265145972049462,0.0358344918416624,0.00045730591936782,1.82922367747128e-05,0.0007133972342138,0.000384136972268969,0.30604741347772,0.0234323553084071,0.0137466159361967,0,0.033438208824175,"MHF-291-FS",75,31.7,"FS","муж","(HFrEF)"
0.421046739202548,0.0706450828191689,1.7968110749906e-05,0,0.000964749331033415,0,0.0105541918220217,0.0106606183241558,0.006955041022579,0,0.138086313275393,"MHF-221-FS",62,30.1,"FS","муж","(HFrEF)"
0.282168852056811,0.0534116620778017,0.00267971539950386,0.00010631627729466,0.0567619878417796,0.0016220047433416,0.0518060136848131,0.0126625412316332,0.0431616825232396,0,0.0382602295341166,"MHF-345-PF",64,28.96,"PF","муж","(HFrEF)"
0.0220641701508817,3.18123977458644e-05,4.5446282494092e-05,9.0892564988184e-06,0.000209052899472823,9.0892564988184e-05,0.0948191237956735,0.00100890747136884,0.0405653517542265,0.000109071077985821,0.106580621705145,"MHF-398-PF",62,26.9,"PF","муж","(HFrEF)"
2.74445551374835e-06,1.37222775687417e-05,7.68447543849538e-05,2.74445551374835e-06,0.0136893441025768,0.00131459419108546,0.031638083162491,0.0125750951639949,0.00139418340098416,0,0.0159150975242267,"MHF-299-FS",58,31.12,"FS","муж","(HFrEF)"
0.0831983815512403,0.198002227312295,0,7.29469092394555e-06,2.18840727718367e-05,0,0.17268235511528,0.000440113019078048,0.0171279342894242,0,0.0259739628165288,"MHF-144-PF",79,23.46,"PF","муж","(HFrEF)"
0.00805071125828805,0.083527063695553,0,0.00026162942807807,0.033040059203002,0.000313955313693684,0.560836317154668,0.00026162942807807,0.018373860977597,7.47512651651629e-05,0.0227767104958251,"MHF-240-PF",72,25.06,"PF","муж","(HFrEF)"
0.366804979253112,0.0383572385402032,6.5344529029307e-06,0,0.0779625575848662,0.00668474531969811,0.0765837880223478,0.00199954258829679,0.108746365210573,0,0.32994413042768,"MHF-141-PF",64,31.14,"PF","муж","(HFrEF)"
0.038809331905356,0.000817038566428548,5.52053085424694e-05,1.10410617084939e-05,1.32437535193384,0.000452683530048249,0.184926742555564,0.117819169491338,0.217409546101953,0,0.187101831712137,"MHF-186-PF",74,28.39,"PF","муж","(HFrEF)"
0.00847145035164511,0.226503713175626,0.000209019819997049,7.37717011754291e-05,0.000774602862342006,0.000627059459991147,0.0757758323906949,0,0.0100329513598584,1.22952835292382e-05,0.0239266217478975,"MHF-387-PF",71,20.4,"PF","муж","(HFrEF)"
0.519338358035308,0.0357731802316759,0.0027517830947443,2.0233699226061e-05,0.0178360058677728,0.00039455713490819,0.114725074611766,0.00111285345743336,0.124852041074409,2.0233699226061e-05,0.0889271080985381,"MHF-223-PF",73,33.57,"PF","муж","(HFrEF)"
0.00180111766653037,0.00039612418949705,5.35467414373893e-05,2.85988278131511e-05,0.0109308370816052,0.00115186342660202,0.075257511147458,6.08485698152151e-07,0.0264320102420313,1.2169713963043e-06,0.0303275356816013,"MHF-122-PF",63,25.83,"PF","муж","(HFrEF)"
0.00389768574908648,0.0116930572472594,0.000121802679658953,0,0.00219244823386114,0.000730816077953715,0.49183922046285,0.0370280146163216,0.104506699147381,0.000365408038976858,0.058952496954933,"MHF-386-PF",69,28.73,"PF","муж","(HFrEF)"
0.109915404821571,9.79062641261033e-05,6.24933600804914e-06,2.70804560348796e-05,0.00348088015648337,0.00381209496490998,0.124774242736709,0.00192271237847645,0.011652928543009,0,0.0316070584167099,"MHF-353-FS",72,34.6,"FS","муж","(HFrEF)"
0.0305487391576986,0.00451271716318638,8.45756898053672e-06,6.04112070038337e-06,5.43700863034503e-05,0.00444022371478178,0.121282747405037,0,0.0061172388212082,0,0.0473478876013247,"MHF-399-FS",65,31.99,"FS","муж","(HFrEF)"
0.867887906351531,0.000735396059000464,2.41113461967365e-05,1.20556730983683e-05,0.00203740875362424,0.00342381115993659,0.0172215290210191,2.41113461967365e-05,1.20556730983683e-05,0,0.03450333640753,"MHF-194-FS",76,21.83,"FS","жен","(HFrEF)"
0.120786580394846,0.00472679333580048,0.000551036971956833,2.4430210579367e-05,0.0204191319312805,0.0112451354474212,0.203648425744375,0.0104715121124079,0.0111664158799988,3.61929045620251e-06,0.09965354342108,"MHF-345-FS",64,28.96,"FS","муж","(HFrEF)"
0.0615887820910482,0.0183721479016292,0.000425731711173876,9.73101054111717e-06,0.000266386413563083,0.00216636622171621,0.082217308061899,0,0.0100119934704919,6.08188158819823e-06,0.0746404999793216,"MHF-198-FS",65,27.23,"FS","жен","(HFrEF)"
0.184136858475894,0.0390238066754396,0.00715396578538103,0,0.0413446584519679,9.57052278980739e-05,0.00710611317143199,0.000287115683694222,0.000741715516210073,4.7852613949037e-05,0.0244766120349324,"MHF-194-PF",76,21.83,"PF","жен","(HFrEF)"
0.00740406714572484,0.00132371337968755,0.000101824106129811,7.27315043784366e-05,0.216565327437233,1.45463008756873e-05,0.118639629942106,0.0253396561254473,0.0359730020655747,1.45463008756873e-05,0.234006342187182,"MHF-299-PF",58,31.12,"PF","муж","(HFrEF)"
0.0407922248896461,0.00281692867652753,0.000388820052143834,1.61336121221508e-06,0.000451741139420223,0.00359295541960298,0.296337347376029,0.0024716693771135,0.0174678618446527,4.84008363664524e-06,0.0352261287075041,"MHF-386-FS",69,28.73,"FS","муж","(HFrEF)"
0.687460095707088,0.000290787718643918,3.1607360722165e-05,1.58036803610825e-05,0.00414688572674804,0.00260444652350639,0.0343003078556934,9.79828182387114e-05,0.020920912062001,0,0.053214152511837,"MHF-389-PF",72,31.55,"PF","муж","(HFrEF)"
0.00992008118736522,0.00476687463240806,0.000167794909644459,5.76614809774774e-06,0.0139154452042946,3.63267330158108e-05,0.123518964861093,0,0.00396192035796247,0.000103214050949685,0.0329414274676231,"MHF-125-FS",63,33.57,"FS","муж","(HFrEF)"
0.0943358821863495,0.00994052676295667,7.08014726706315e-05,5.66411781365052e-05,0.130048145001416,0.00172755593316341,0.820674030019824,0.0631549136222033,0.0389408099688473,0,0.0744831492495044,"MHF-397-PF",75,22.21,"PF","жен","(HFrEF)"
0.188294592197333,0.0354900249201008,0.000151350894730173,7.39155532403171e-05,0.00487490672561139,0.000337899671955735,0.0810677629633801,0.00464612048939136,0.0280843904430709,0,0.0144628099173554,"MHF-166-PF",74,25.47,"PF","муж","(HFrEF)"
0.0688821752265861,0.000906344410876133,0,0,0.0122356495468278,0.00287009063444109,0.344561933534743,0.000302114803625378,0.0131419939577039,0,0.0560422960725076,"MHF-240-FS",72,25.06,"FS","муж","(HFrEF)"
0.0816700261375261,0.00460586211347629,4.75262311527601e-06,1.12161905520514e-05,0.000629627510311766,0.000420512093239622,0.202491591183922,1.14062954766624e-06,0.00685024085343424,0,0.0262850475062701,"MHF-266-FS",80,26.23,"FS","муж","(HFrEF)"
0.0575833947685749,0.261414096387608,0.000151445014030095,2.85745309490745e-06,0.0130614180968219,0.00170018459146993,0.0128071047713752,2.85745309490745e-06,0.161248935598722,8.57235928472234e-06,0.117189866328344,"MHF-143-PF",72,32.8,"PF","жен","(HFrEF)"
0.336091345358266,0.000646879184029606,0.00297865298692702,0,0.0315767304018173,0.00231673010094324,0.0795059648278248,0.00169993832082199,0.00519007717419102,0,0.0326899643464264,"MHF-295-FS",69,28.73,"FS","муж","(HFrEF)"
0.143207312944363,1.35424895609976e-05,8.12549373659858e-05,1.35424895609976e-05,5.41699582439905e-05,0.00246021893691457,0.0441349734792913,0.0272926306285972,0.0199300304706015,1.35424895609976e-05,0.0318113079787834,"MHF-367-FS",56,26.83,"FS","муж","(HFrEF)"
0.151909990720693,0.0031962057944118,0.00248736983194144,0,0.00665017012063099,0.00726879059696876,0.580162903392102,0.00113413753995257,0.0354417981235179,0,0.328899886586246,"MHF-223-FS",73,33.57,"FS","муж","(HFrEF)"
0.0252759053213857,9.02388622684245e-05,9.9262748495267e-05,1.80477724536849e-05,0.0922692366694641,0.000694839239466869,0.0704314320005053,0.000117310520948952,0.133418157863866,0,0.175279966070188,"MHF-193-PF",55,24.62,"PF","муж","(HFrEF)"
0.081275731705949,0.00136113946818336,3.3654547290248e-05,3.73939414336089e-06,0.0141648250150511,0.00312239410970635,0.155020323607169,0.0120558067181955,0.0218492799796577,0,0.109381018087449,"MHF-397-FS",75,22.21,"FS","жен","(HFrEF)"
0.00232922929217122,0.143617776515689,0.00320142255397118,0.000172410295937202,0.00624733778219509,8.11342569116245e-05,0.0883484445886831,0.209302718673725,0.0168015523687822,3.38059403798435e-06,0.0135358985280894,"MHF-291-PF",75,31.7,"PF","муж","(HFrEF)"
0.23354760948172,0.329389312977099,4.01767778224186e-05,8.03535556448373e-05,0.0418842908798714,6.0265166733628e-05,0.271574929690639,0.0428686219365207,0.0559260747288068,4.01767778224186e-05,0.0701687424668542,"MHF-253-PF",72,34.7,"PF","муж","(HFrEF)"
0.0137664150225211,0.00038063820338768,0.000126879401129227,6.34397005646133e-05,0.00843748017509357,0.00247414832201992,0.056271014400812,0.0141470532259088,0.0365412675252173,0,0.0317198502823067,"MHF-253-FS",72,34.7,"FS","муж","(HFrEF)"
0.0335907395379524,0.0752399705283587,0.000111673901937478,3.46574178426656e-05,0.00653228145930834,0.000182272345691056,0.336934281834122,0.0350630379922316,0.0114574856171716,8.98525647772812e-06,0.0803166404382751,"MHF-145-PF",67,27.7,"PF","муж","(HFrEF)"
0.228348885043087,0.0171557320433188,0.000132535740046438,0,0.0932388931226695,0.000629544765220583,0.250286098785004,0,0.0199593726981473,0,0.0250212184622286,"MHF-158-PF",62,29.41,"PF","муж","(HFrEF)"
0.137744637915002,0.00042646079308518,0,0,3.29737726612253e-05,0.0365481296177021,0.0644725185587384,0.0171859303110306,0.0176497613797985,0,0.0300610894094837,"MHF-209-FS",58,24.19,"FS","муж","(cond_healthy)"
0.258886582349851,0.00641666346314022,2.24246850933508e-05,3.20352644190725e-06,0.000208229218723971,0.00574712643678161,0.127096708056228,0.00741616371301529,0.0209414523507477,0,0.0392239777547124,"MHF-388-FS",51,32.28,"FS","муж","(cond_healthy)"
0.157167813606926,0.000115820054242392,9.65167118686601e-05,2.8955013560598e-05,0.020673879682267,0.00106168383055526,0.0447065409375633,0,0.0366956538524646,0,0.768079993050797,"MHF-285-FS",48,25.73,"FS","муж","(cond_healthy)"
0.170440713675535,0.340726511426156,3.76224389077985e-05,0.000119506570648301,0.0142434127535642,0.00105342828941836,0.0712613254606536,0.00016598134812264,0.0121520477672189,0,0.0150976634252354,"MHF-314-PF",47,28.04,"PF","жен","(cond_healthy)"
0.0582141860248736,0.000790869335979903,8.91666408212635e-05,1.29227015682991e-06,0.0995513238015487,0.000295929865914049,0.0565975560586794,0,0.047149768942096,0,0.0691803905757322,"MHF-156-PF",46,22.1,"PF","жен","(cond_healthy)"
0.300106055290699,0.212749346533128,5.47512973015722e-05,0.000227116492510225,0.00145395111723064,2.02782582598415e-06,0.0928014211003388,0.010493998649468,0.0230786857255257,4.05565165196831e-05,0.0231172144162194,"MHF-282-PF",50,30.35,"PF","муж","(cond_healthy)"
0.00517825794128363,0.00496847776882225,0.00364355036380298,8.83284936679511e-05,0.0720208455245056,9.9369555376445e-05,0.0528535623985602,0,0.042497046515993,1.10410617084939e-05,0.111238696713076,"MHF-213-PF",44,21.05,"PF","жен","(cond_healthy)"
0.168215641413423,0.0445884983777775,0.000140032487537109,6.67847248253903e-05,0.000583827755731637,2.15434596210936e-06,0.198059796026524,0.0223750371624678,0.0248245285213862,1.29260757726562e-05,0.0961441515970167,"MHF-282-FS",50,30.35,"FS","муж","(cond_healthy)"
0.0897368561827369,0.000233430109566258,2.43156364131518e-06,7.29469092394555e-06,0.00921076307330192,0.0117152736238566,0.122842595159243,0.000527649310165395,0.00811169630742745,2.43156364131518e-06,0.165557873646227,"MHF-243-FS",47,22.2,"FS","жен","(cond_healthy)"
0.0649658360565462,9.17801238065565e-05,7.24579924788604e-06,9.17801238065565e-05,0.0114169643482524,0.00386201099912326,0.0692988240067821,0.0106271722302329,0.0169092801781501,0,0.0997021976509119,"MHF-277-FS",45,31.12,"FS","муж","(cond_healthy)"
0.0909463334698894,0.00145062826978999,2.35055506678934e-05,0.000154465047246157,0.000305572158682615,0.000218265827630439,0.404057058045278,0,0.047823721801734,3.35793580969906e-06,0.528730498787785,"MHF-273-PF",59,28.65,"PF","муж","(cond_healthy)"
0.932514903055107,0.000267816327253082,7.69587147278971e-06,0,0.00552563571746301,1.53917429455794e-06,0.0535232469189579,6.15669717823177e-06,0.0239187685374304,1.53917429455794e-05,0.0430199215328945,"MHF-231-FS",74,26.95,"FS","муж","(cond_healthy)"
9.85130260566954e-05,0.258438041606862,5.72750151492415e-07,0,0.00281850349549417,0,0.000321885585138737,0,0.00286432350761357,0,0.00124458607919302,"MHF-257-PF",52,30.8,"PF","муж","(cond_healthy)"
0.161263523063711,0.000148397910752037,0,1.21637631763965e-06,0.00374278992937719,0.00352749132115497,0.0556662458004608,0.00340220456043809,0.0187857158496267,0,0.176010869538774,"MHF-256-FS",49,27.47,"FS","муж","(cond_healthy)"
0.212589642428696,0.00202958102645943,2.34002424265115e-05,1.09201131323721e-05,0.00685003096632081,0.000712927385927718,0.112628486831124,0.0169870159854856,0.0111962359930049,1.56001616176744e-06,0.0403310978301735,"MHF-263-FS",51,27.14,"FS","муж","(cond_healthy)"
0.205673687917154,0.325381740480497,6.00220881284313e-06,8.00294508379083e-05,0.00173263761064072,0.0046717191926629,0.199735502664981,0.000736270947708757,0.0245370296269027,0,0.0357131424364166,"MHF-002-PF",59,25.39,"PF","жен","(cond_healthy)"
0.114018617667387,0.000182673855604792,4.89641262445833e-05,0,0.00510168530756063,0.000762710428040625,0.138223845152834,4.70808906197917e-05,0.0166007220325385,0,0.28704842363762,"MHF-259-FS",62,28.67,"FS","муж","(cond_healthy)"
0.0874386353250913,0.000452767541598018,2.09614602591675e-05,0,0.00233091438081943,0.000394075452872349,0.00184880079485857,0.0218460338821044,0.00469955939010535,0,0.200957519504639,"MHF-177-FS",42,34.16,"FS","жен","(cond_healthy)"
0.080437484759996,0.00115377981836889,0.0098725489613008,5.94731865138602e-06,0.252166310818767,0.00164740726643393,0.147927656815925,0.037961734951797,0.0401087169849473,0,0.0480424400658963,"MHF-270-PF",61,30.35,"PF","муж","(cond_healthy)"
0.083108328635433,0.00682431830994273,0,0,0.000356051390083969,0.00848589146366792,0.285345518203127,0.0011571670177729,0.0310654837848263,2.96709491736641e-05,0.163338575201021,"MHF-237-FS",61,30.04,"FS","жен","(cond_healthy)"
0.000537185419252906,0.180313734341496,0.000880261821464846,3.61133054959937e-05,0.0011149983071888,0,0.0896422525674303,0.0128834217356957,0.00812549373659858,0,0.0127254260241508,"MHF-180-PF",73,34.85,"PF","жен","(cond_healthy)"
0.0193219624038154,0.000761992883530748,0.00294591891579298,0,0.11201295387902,5.44280631093392e-05,0.313070219004919,0.000843634978194757,0.0433791662981433,0,0.212371498744753,"MHF-259-PF",62,28.67,"PF","муж","(cond_healthy)"
0.0195819112627986,0.0590443686006826,0.000341296928327645,4.26621160409556e-05,0.0122866894197952,0,0.298336177474403,0.00213310580204778,0.0313139931740614,4.26621160409556e-05,0.250639931740614,"MHF-279-PF",67,33.8,"PF","муж","(cond_healthy)"
0.679502669612446,0.0140356025039124,3.73975881432385e-05,1.15069501979195e-05,0.001001104667219,0.0014153548743441,0.0172489183466814,5.75347509895977e-06,0.000103562551781276,5.75347509895977e-06,0.101600616772531,"MHF-271-FS",67,27.74,"FS","муж","(cond_healthy)"
0.0397380454799396,2.68989633553353e-05,4.13830205466697e-06,0,0.00884355149082332,0.00152910260919945,0.0270665645885493,0.0347348382958472,0.013526040265679,0,0.0905584638622773,"MHF-262-FS",41,22.94,"FS","муж","(cond_healthy)"
0.782293596870496,0.000430078008830325,5.49035755953606e-05,9.15059593256011e-06,0.00231510077093771,0.000484981584425686,0.0379383707363942,0.0578134651019148,0.0205796902523277,0,0.0654770891954339,"MHF-258-FS",55,29.32,"FS","муж","(cond_healthy)"
0.0607612185277328,0.0191698237862725,0.000547119364928616,2.06460137708912e-05,0.0973872469572937,0.000237429158365249,0.15406055475839,0.0229480443063456,0.328405818046681,0.000763902509522974,0.288528042448204,"MHF-241-PF",63,30.86,"PF","жен","(cond_healthy)"
0.113549743724537,0.00113642513123004,5.41154824395259e-05,0,0.000347885244254095,0.000633924222863018,0.0114260975779456,0.00456889287453712,0.0134051780785911,0,0.0922282436433635,"MHF-384-FS",60,29.76,"FS","муж","(cond_healthy)"
0.054151007857875,0.00054887508611178,2.80038309240704e-06,1.96026816468493e-05,6.7209194217769e-05,0.00404375318543577,0.173357715335458,0,0.0114003595691891,2.80038309240704e-06,0.0554643875282139,"MHF-273-FS",59,28.65,"FS","муж","(cond_healthy)"
0.126594804362448,0.0333381460652395,0.00016727177966609,3.87366226595157e-05,0.0149206427462153,0.00259535371818755,0.0879814345932126,0.000257070314013149,0.0156179019540865,0,0.0694512429173607,"MHF-314-FS",47,28.04,"FS","жен","(cond_healthy)"
0.0154089315700279,0.0035209360273008,0.00112786027687712,3.67570244608325e-05,0.138430823279965,4.25607651651745e-05,0.139670889210459,0.0206439056853444,0.0189588863008504,1.93458023478066e-06,0.0569579112724121,"MHF-261-PF",58,27.76,"PF","муж","(cond_healthy)"
0.882384585289515,0.00302632790205284,8.63021264843966e-06,6.90417011875173e-05,0.00233015741507871,0.0160867163766915,0.0941700036822241,0.000103562551781276,0.0217021080732763,0,0.165418162570192,"MHF-206-FS",41,33.3,"FS","жен","(cond_healthy)"
0.0348508164088838,0.000223337594231122,3.04551264860621e-05,3.04551264860621e-05,0.00924989869440565,0.000236027230266981,0.0397930066569831,0.0148891729487415,0.00675004039534138,0,0.0525909275870149,"MHF-224-FS",48,34.45,"FS","жен","(cond_healthy)"
0.00095463336940831,0.00338762258171977,0.000324840521534772,1.32587967973376e-05,0.0433512934784951,9.94409759800322e-06,0.0412232565925224,0.00460411718787549,0.0322304776647281,0.000270147984745754,0.00827680390073802,"MHF-182-PF",55,22.34,"PF","муж","(cond_healthy)"
0.318066851439563,0.0421342784012601,0.000106017235373408,0,0.050161297650961,0,0.140927196449937,3.02906386781165e-05,0.0879488694019113,1.51453193390583e-05,0.123949293470853,"MHF-231-PF",74,26.95,"PF","муж","(cond_healthy)"
0.0651793763005036,0.00946755321191911,1.4685382621996e-05,2.14632515244557e-05,0.0035696776219621,0.0014346489176873,0.126562016370813,0.00808825689026856,0.00790864336435338,0.000112964481707661,0.0946947360810814,"MHF-241-FS",63,30.86,"FS","жен","(cond_healthy)"
0.630258330932488,0.0153654086238356,3.8413521559589e-06,2.68894650917123e-05,0.00420628061077499,0.0106981657543455,0.0654067031595122,0.0223028906174974,0.00020743301642178,0,0.000430231441467397,"MHF-350-FS",54,21.86,"FS","муж","(cond_healthy)"
0.320371017023134,0.00166739415102575,9.60279353993889e-05,0,0.000270624181580096,0.00152335224792667,0.313408991706678,0.0123745089480576,0.0452422522915757,7.85683107813182e-05,0.283976429506766,"MHF-265-PF",51,32.6,"PF","муж","(cond_healthy)"
0.0463179626797139,0.0424499577809454,4.5275125619609e-06,3.01834170797393e-06,0.00301607795169295,0.000782505087792242,0.167979016488446,0.000247504020053862,0.00440904264992292,9.80961055091527e-06,0.0475230356066225,"MHF-040-PF",62,33.91,"PF","жен","(cond_healthy)"
0.0268086178580427,0.0124799261708089,0.000418932087465734,1.51786988212222e-05,0.0914182672604574,0.000376431730766312,0.0147749454325777,0.0599406816450067,0.0259403962854688,0,0.0469689656323901,"MHF-258-PF",55,29.32,"PF","муж","(cond_healthy)"
0.101145282996863,0.000215761053380451,0.000224508123112091,0.000122458976242959,0.00738544254341462,0.00472341765508555,0.799718344354641,0,0.130660811961326,0,0.227552103378701,"MHF-137-PF",47,30.06,"PF","муж","(cond_healthy)"
0.362622658340767,0.00624442462087422,0,0,0.0133809099018733,0.00223015165031222,0.0490633363068689,0.0330062444246209,0.0539696699375558,0,0.226137377341659,"MHF-264-FS",72,24.78,"FS","муж","(cond_healthy)"
0.125614345396843,0.00033624902695059,3.68492084329413e-05,9.21230210823534e-06,0.000695528809171768,0.0160386179704377,0.129285447786975,0.0488205950225932,0.0320449928834966,0,0.0900502531080004,"MHF-260-FS",44,24.42,"FS","муж","(cond_healthy)"
0.0340266819681538,2.86902883373978e-05,0,2.86902883373978e-05,0.000114761153349591,0.00120499211017071,0.210816238703199,0.00920958255630469,0.018247023382585,2.86902883373978e-05,0.130827714818534,"MHF-283-FS",70,25.71,"FS","жен","(cond_healthy)"
0.151717793864736,0.0109026916769988,7.99904011518618e-06,0.000575930888293405,0.075810902691677,0.001159860816702,0.0666200055993281,0.0874015118185818,0.00243570771507419,0,0.00209574851017878,"MHF-350-PF",54,21.86,"PF","муж","(cond_healthy)"
0.0740778517862791,3.55590158013037e-05,5.14669965545185e-05,0,1.68437443269333e-05,1.68437443269333e-05,0.00218126489033787,4.67881786859259e-06,0.0869230783627132,0,0.167794573694189,"MHF-351-PF",56,25.88,"PF","муж","(CAD)"
0.307546163125174,0.0503688410503851,0.000842071077294238,3.47963255080264e-05,0.0369328198942192,0.00221768581237821,0.0102277999443259,0.00255173053725527,0.0310429618632272,0.000612415328941264,0.0184977266400668,"MHF-288-PF",75,27.47,"PF","муж","(CAD)"
0.0701701402735392,0.000624031208234542,1.66853264233835e-05,1.66853264233835e-06,0.00503062591665012,0.000884322300439325,0.0977693387104579,0.0798943485130871,0.0146180144795263,0,0.154189101478487,"MHF-379-FS",59,28.98,"FS","муж","(CAD)"
0.106458870617105,3.57361954055165e-05,8.93404885137912e-06,0,0.00274573101365718,0.00337483695360846,0.0522947104474767,5.21152849663782e-06,0.0098393658016522,7.4450407094826e-07,0.0411733086356516,"MHF-324-FS",66,30.13,"FS","муж","(CAD)"
3.29812475222838e-06,0.00757513293091814,0.0121694207107723,3.95774970267405e-06,0.000513188211446736,0.000665561574999687,0.0359878180464152,0.0010527614209113,0.00090302655716013,1.31924990089135e-06,0.0159807336744474,"MHF-403-FS",75,27.73,"FS","муж","(CAD)"
0.061295907996909,0.0569749599789211,0.000990839988752029,0,0.00457557728884037,0.000541363971508092,0.0393524002683571,0.00561512896419027,0.0274512495654696,1.32850054357814e-05,0.044526909885594,"MHF-136-PF",68,28.01,"PF","муж","(CAD)"
0.206398047626835,0.000398777250827117,1.3837696400941e-05,0,0.000145924798409923,0.00382549406866013,0.0859685758494459,0.0136062294793252,0.00931402765023335,0,0.0643503201539758,"MHF-395-FS",75,34.63,"FS","жен","(CAD)"
0.0482969695564469,0.0031672424586705,3.24607572630944e-05,0.000139117531127548,0.103253031602866,7.88332676389436e-05,0.00947390386978599,0,0.065635651185977,0,0.0515059472744557,"MHF-169-PF",59,29.04,"PF","муж","(CAD)"
0.00244372701999821,0.00063671419603623,0.000179356111559501,7.17424446238006e-05,0.0239171374764595,8.51941529907632e-05,0.0106851403461573,0.000139000986458614,0.0556811048336472,0,0.032015065913371,"MHF-359-PF",64,31.6,"PF","жен","(CAD)"
0.0218685225630926,0.000498818535381338,0.000282200127586255,7.15436943176421e-05,0.00286572242239,0.000474970637275457,0.0306524983654253,0.00602755624626135,0.0121306308365246,0,0.0500607127739279,"MHF-216-FS",74,23.23,"FS","жен","(CAD)"
0.0322121160116698,0.0068252674332132,3.64681654367599e-05,1.21560551455866e-05,4.9339282649734e-05,0.00588067044219438,0.162716663806418,0.00131499914192552,0.000712201819117899,4.2903724043247e-06,0.00965190778559579,"MHF-377-FS",65,34.72,"FS","муж","(CAD)"
0.195792686063058,0.0156617004131877,0.000720078179916677,8.57235928472234e-06,0.000954389333699087,0.00198592990096068,0.0105668615449677,0.0383727376115121,0.0072922202982038,0,0.279964681879747,"MHF-192-FS",71,29.73,"FS","муж","(CAD)"
0.152342444599249,0.000513452554353386,0.000239676144916381,1.94858654403562e-06,0.00340515498570225,0.00165532426915826,0.00574638171836104,0.00364483113061863,0.00299692610472678,0,0.0183196363937509,"MHF-329-FS",67,32.51,"FS","муж","(CAD)"
0.265573322688648,0.0010654746229148,2.94288316527458e-05,4.2256783911635e-05,0.0010307636932731,0.00427699020019906,0.0864188960264286,0.00144503109269252,0.00686219987307873,1.50917085398697e-06,0.097134763675163,"MHF-235-FS",47,32.5,"FS","муж","(CAD)"
0.233250022465297,9.87485595053882e-07,1.57997695208621e-05,6.81365060587179e-05,0.00919151591876153,0.00343842484197762,0.127618688362384,1.28373127357005e-05,0.0251028713118647,0,0.0630045434212228,"MHF-203-FS",54,27.47,"FS","муж","(CAD)"
0.107889654341858,0,6.69058924019438e-06,1.89566695138841e-05,1.11509820669906e-06,0.00222239072595123,0.0689576731022701,0.00396528922302187,0.0104451249021501,0,0.0304354904536443,"MHF-208-FS",72,27.68,"FS","жен","(CAD)"
0.000365613020124846,0.00907580555839324,0.00346794702912538,0,0.00137104882546817,0,0.000290339751275613,2.1506648242638e-05,0.000532289544005291,0.00199474162450467,0.000204313158305061,"MHF-142-PF",75,32.77,"PF","жен","(CAD)"
0.00899691914372894,0.00287501094619476,4.54906795283981e-05,2.61571407288289e-05,0.00602524050353633,0.000123962101714885,0.276425251421299,0.00766176769957045,0.00941998246334304,4.54906795283981e-05,0.0545148930798441,"MHF-147-PF",69,25.82,"PF","муж","(CAD)"
0.270902859204474,0.00492351010388195,0.000143136693581594,0,0.0116430915957192,0,0.14234257904871,0,0.0275802839988863,5.88232987321618e-06,0.0453900180783605,"MHF-371-PF",57,26.03,"PF","жен","(CAD)"
0.0149752190804833,0.0126285369305529,0.000699386057804918,0,0.0179838987253799,0.00056742642425682,0.0785247792700213,0,0.00184853453328627,0,0.0551657248047822,"MHF-233-FS",59,36.33,"FS","муж","(CAD)"
0.174782792110327,0.00879269919451849,6.33500515079112e-05,4.31932169372122e-06,0.000139658068096986,0.00499889497353336,0.0426489824038033,0.00377652693421025,0.00714343819446594,1.43977389790707e-06,0.0198609610346791,"MHF-363-FS",79,26.83,"FS","муж","(CAD)"
0.104557410936023,0.00169482392934642,0.000134704214037649,3.9186680447316e-05,0.00036492596166563,0.00827573707696754,0.103678159793486,6.85766907828029e-05,0.00571758159401619,1.22458376397862e-06,0.0358202996801387,"MHF-294-FS",69,27.22,"FS","жен","(CAD)"
0.276950015361827,0.0112253742415878,0.00211069008325361,7.49357426007199e-06,0.0170753578806174,0.00169104992468958,0.0258003761774279,1.4987148520144e-05,0.00998144091441589,9.99143234676265e-06,0.701343597864831,"MHF-225-FS",79,19.82,"FS","жен","(CAD)"
0.00283900077312075,0.140825211340794,0.000515413830834421,4.96402664942988e-05,0.000310515709560082,4.11908594314394e-05,0.0250039078507666,0.00237956426407777,0.00429969201911256,2.32358694228632e-05,0.0146322606811067,"MHF-377-PF",65,34.72,"PF","муж","(CAD)"
0.0453951635444907,0.000105836474505622,6.51301381573056e-06,1.62825345393264e-06,2.17100460524352e-06,0.0017661122463656,0.0488134102954466,0.000721316280092159,0.004439704417723,0,0.0712420588722174,"MHF-368-FS",78,31.14,"FS","муж","(CAD)"
0.0111905475194512,0.0064847724966744,0.000483275821044936,3.69853944677247e-05,0.00364306135507088,0.000230542292182151,0.014933469439585,4.68481663257846e-05,0.0331475433684571,0,0.025888543280925,"MHF-286-PF",69,30.48,"PF","муж","(CAD)"
0.00148276670989559,0.0391273364641104,9.29495549486786e-05,4.42616928327041e-05,0.000303192595904023,8.85233856654082e-06,0.0398089665337341,0.000528927229350814,0.00889881334401516,0,0.0179945912211358,"MHF-185-PF",65,28.69,"PF","муж","(CAD)"
0.173558113406136,0.00227438683514246,2.36725611343891e-05,3.64193248221371e-06,0.000992426601403236,0.00344708909441528,0.120407750760709,2.36725611343891e-05,0.0139103611158153,0,0.0781576920345474,"MHF-319-FS",69,33.9,"FS","муж","(CAD)"
0.133593247939159,0.0933459247958386,0.00207137939373143,0.000156037505204331,0.00240046323172161,0.000193013217338059,0.0542781268695844,0.00138806823350014,0.0024211696305165,0,0.0150328455250884,"MHF-121-PF",69,31.53,"PF","жен","(CAD)"
0.0283020989786254,0.00185181945634979,0.000143697191282204,2.24917342876493e-05,0.0366327874506119,0.000318632902408365,0.116785831207031,0.0694282351235921,0.00409099655876465,0,0.0818236797976744,"MHF-188-PF",67,28.34,"PF","муж","(CAD)"
0.0121216164550174,0.0280896137453588,0.000236068737057916,0.000110336474929244,0.00591711421364734,4.10554325318115e-05,0.162374235663315,0.0250771713833371,0.0162579512825974,5.90171842644791e-05,0.0154727661354265,"MHF-342-PF",67,30.48,"PF","жен","(CAD)"
0.113390128551474,0.00699304418114909,2.30442520544837e-05,5.31790432026547e-06,0.0204508873809676,0.00322265001808087,0.264255528847858,0.00863273134656428,0.0110240156559103,0.000233987790091681,0.337002687314316,"MHF-219-FS",64,26.3,"FS","муж","(CAD)"
0.193003669551137,0.0209401574600771,0.000179914318726394,5.84137398462317e-06,0.00211574565723051,0.00488338865114497,0.0640903870844885,0.00344991547531844,0.00335528521676755,7.0096487815478e-06,0.359271370374654,"MHF-226-FS",57,30.44,"FS","муж","(CAD)"
0.00269828587091152,0.00149524082880171,3.23225427756531e-05,0,7.11095941064368e-06,0.00169370124144422,0.0439353859440898,0,0.00207704659876347,1.29290171102612e-06,0.0100018876364981,"MHF-396-FS",68,27.24,"FS","жен","(CAD)"
0.150013638271087,0.015,0.000623164078892153,3.14729332773814e-05,0.00112568191355434,0.00100293747377256,0.24269513218632,0.00113092740243391,0.00204783885858162,0,0.0220300041963911,"MHF-316-FS",70,27.63,"FS","жен","(CAD)"
0.00139955273035121,2.93612460912841e-05,0.00528991783744635,1.95741640608561e-05,0.00573033652881562,0.00103253715421016,0.000831901972586383,4.89354101521402e-06,0.0362317776766446,0,0.0124295941786436,"MHF-134-PF",52,28.37,"PF","муж","(CAD)"
0.0364863575028588,0.000160015571105867,0.00348010473065917,0,0.00356900227016243,0.00156833974955224,0.00775935155327396,0.000749546622548533,0.00157301856742083,0,0.011236648993212,"MHF-354-FS",64,31.56,"FS","муж","(CAD)"
0.0376289531540673,0.00646409981772742,0.000714057538004773,0.00022549185410677,0.0478136685645564,0.000385215250765733,0.0196271868012101,0.00643591333596407,0.0214311216340643,0,0.0345660221357837,"MHF-372-PF",40,28.08,"PF","муж","(CAD)"
0.0536762541448023,0.000148397910752037,4.1356794799748e-05,9.73101054111717e-06,0.00161778050246073,0.00355181884750777,0.0217609723225733,0.00151073938650844,0.00872993283169974,0,0.0190654824026838,"MHF-372-FS",40,28.08,"FS","муж","(CAD)"
0.0653694249530662,0.0365349943708689,0.000283827867518783,6.56671158783816e-06,0.000866076294973766,0.00118200808581087,0.105243956983661,0.00163292228150909,0.000768305255777065,0,0.0098486081125155,"MHF-308-FS",61,26.08,"FS","муж","(CAD)"
0.267834874754369,0.030423889193375,0.00033132754449051,6.68384095513997e-06,0.00256850459561807,0.00037811443117649,0.0253680409280227,0.0215830772785691,0.00511313833068208,0,0.134620195511896,"MHF-247-FS",70,29.06,"FS","муж","(CAD)"
0.215738445938292,0.0195121142544532,0.000348134578881493,0,0.00704558076307784,0.00222971908855052,0.18370177576265,1.10518913930633e-05,0.0282845530476972,0,0.17514484885157,"MHF-326-FS",70,23.24,"FS","муж","(CAD)"
0.316918516124761,0.00521764303915925,8.97659017489764e-05,8.97659017489764e-06,0.00245173119151892,0.00465772822700001,0.143427957814514,1.79531803497953e-05,0.0082562188133621,0,0.0946738524271017,"MHF-222-FS",63,30.12,"FS","муж","(CAD)"
0.00124414936209997,0.139989410874128,3.06297029356382e-05,1.60441301091438e-05,0.00197926223255529,3.20882602182877e-05,0.00219075303853946,0,0.0228074602287893,0,0.0114059179503186,"MHF-349-PF",69,28.08,"PF","муж","(CAD)"
0.00638397449335277,5.52514020043259e-05,5.52514020043259e-05,0,2.43756185313202e-06,0.000251068870872598,0.0599648341076655,0,0.00158604024577124,1.62504123542135e-06,0.270135479687797,"MHF-293-FS",79,27.77,"FS","жен","(CAD)"
